<GeoServerTileLayer>
  <id>LayerGroupInfoImpl--7e916acf:18b75a46ccb:-7f78</id>
  <enabled>true</enabled>
  <inMemoryCached>true</inMemoryCached>
  <name>Indian-Boundaries:Boundary-Layer-Grp</name>
  <mimeFormats>
    <string>image/png</string>
    <string>image/jpeg</string>
  </mimeFormats>
  <gridSubsets>
    <gridSubset>
      <gridSetName>EPSG:4326</gridSetName>
    </gridSubset>
    <gridSubset>
      <gridSetName>EPSG:900913</gridSetName>
    </gridSubset>
  </gridSubsets>
  <metaWidthHeight>
    <int>4</int>
    <int>4</int>
  </metaWidthHeight>
  <expireCache>0</expireCache>
  <expireClients>0</expireClients>
  <parameterFilters/>
  <gutter>0</gutter>
  <cacheWarningSkips/>
</GeoServerTileLayer>