<GeoServerTileLayer>
  <id>LayerInfoImpl--7e916acf:18b75a46ccb:-7ffc</id>
  <enabled>true</enabled>
  <inMemoryCached>true</inMemoryCached>
  <name>Indian-Boundaries:Country</name>
  <mimeFormats>
    <string>image/jpeg</string>
    <string>image/png</string>
  </mimeFormats>
  <gridSubsets>
    <gridSubset>
      <gridSetName>EPSG:900913</gridSetName>
      <extent>
        <coords>
          <double>7590458.493214813</double>
          <double>753627.8224758487</double>
          <double>1.0844206132849388E7</double>
          <double>4232220.505523825</double>
        </coords>
      </extent>
    </gridSubset>
    <gridSubset>
      <gridSetName>EPSG:4326</gridSetName>
      <extent>
        <coords>
          <double>68.18624877929699</double>
          <double>6.754255771636906</double>
          <double>97.41516113281256</double>
          <double>35.5013313293457</double>
        </coords>
      </extent>
    </gridSubset>
  </gridSubsets>
  <metaWidthHeight>
    <int>4</int>
    <int>4</int>
  </metaWidthHeight>
  <expireCache>0</expireCache>
  <expireClients>0</expireClients>
  <parameterFilters>
    <styleParameterFilter>
      <key>STYLES</key>
      <defaultValue></defaultValue>
      <availableStyles class="sorted-set"/>
      <defaultStyle>Indian-Boundaries:Country</defaultStyle>
    </styleParameterFilter>
  </parameterFilters>
  <gutter>0</gutter>
  <cacheWarningSkips/>
</GeoServerTileLayer>