<layer>
  <name>USA_Country</name>
  <id>LayerInfoImpl--7e916acf:18b75a46ccb:-7f48</id>
  <type>VECTOR</type>
  <defaultStyle>
    <id>StyleInfoImpl--7e916acf:18b75a46ccb:-7f42</id>
  </defaultStyle>
  <resource class="featureType">
    <id>FeatureTypeInfoImpl--7e916acf:18b75a46ccb:-7f49</id>
  </resource>
  <attribution>
    <logoWidth>0</logoWidth>
    <logoHeight>0</logoHeight>
  </attribution>
  <dateCreated>2023-10-29 08:11:01.112 UTC</dateCreated>
  <dateModified>2023-10-29 08:18:18.401 UTC</dateModified>
</layer>