<layer>
  <name>USA_State</name>
  <id>LayerInfoImpl--7e916acf:18b75a46ccb:-7f46</id>
  <type>VECTOR</type>
  <defaultStyle>
    <id>StyleInfoImpl--7e916acf:18b75a46ccb:-7f39</id>
  </defaultStyle>
  <resource class="featureType">
    <id>FeatureTypeInfoImpl--7e916acf:18b75a46ccb:-7f47</id>
  </resource>
  <attribution>
    <logoWidth>0</logoWidth>
    <logoHeight>0</logoHeight>
  </attribution>
  <dateCreated>2023-10-29 08:13:00.758 UTC</dateCreated>
  <dateModified>2023-10-29 08:29:01.343 UTC</dateModified>
</layer>