<layer>
  <name>Country</name>
  <id>LayerInfoImpl--7e916acf:18b75a46ccb:-7ffc</id>
  <type>VECTOR</type>
  <defaultStyle>
    <id>StyleInfoImpl--7e916acf:18b75a46ccb:-7f8a</id>
  </defaultStyle>
  <resource class="featureType">
    <id>FeatureTypeInfoImpl--7e916acf:18b75a46ccb:-7ffd</id>
  </resource>
  <attribution>
    <logoWidth>0</logoWidth>
    <logoHeight>0</logoHeight>
  </attribution>
  <dateCreated>2023-10-28 09:37:52.137 UTC</dateCreated>
  <dateModified>2023-10-28 10:10:10.579 UTC</dateModified>
</layer>