<layerGroup>
  <id>LayerGroupInfoImpl--7e916acf:18b75a46ccb:-7f43</id>
  <name>usa_grp</name>
  <mode>SINGLE</mode>
  <title>usa_grp</title>
  <workspace>
    <id>WorkspaceInfoImpl--7e916acf:18b75a46ccb:-7f4c</id>
  </workspace>
  <internationalTitle/>
  <internationalAbstract/>
  <publishables>
    <published type="layer">
      <id>LayerInfoImpl--7e916acf:18b75a46ccb:-7f48</id>
    </published>
    <published type="layer">
      <id>LayerInfoImpl--7e916acf:18b75a46ccb:-7f46</id>
    </published>
  </publishables>
  <styles>
    <style>
      <id>StyleInfoImpl--570ae188:124761b8d78:-7fe0</id>
    </style>
    <style>
      <id>StyleInfoImpl--570ae188:124761b8d78:-7fe0</id>
    </style>
  </styles>
  <bounds>
    <minx>-179.15055847167963</minx>
    <maxx>179.77340698242222</maxx>
    <miny>18.909858703613395</miny>
    <maxy>72.68750000000043</maxy>
    <crs>EPSG:4326</crs>
  </bounds>
  <dateCreated>2023-10-29 08:14:39.736 UTC</dateCreated>
  <dateModified>2023-10-29 08:28:46.482 UTC</dateModified>
</layerGroup>