<layer>
  <name>City-layer</name>
  <id>LayerInfoImpl--7e916acf:18b75a46ccb:-7ff6</id>
  <type>VECTOR</type>
  <defaultStyle>
    <id>StyleInfoImpl--7e916acf:18b75a46ccb:-7ff5</id>
  </defaultStyle>
  <resource class="featureType">
    <id>FeatureTypeInfoImpl--7e916acf:18b75a46ccb:-7ff7</id>
  </resource>
  <attribution>
    <logoWidth>0</logoWidth>
    <logoHeight>0</logoHeight>
  </attribution>
  <dateCreated>2023-10-28 09:41:08.572 UTC</dateCreated>
  <dateModified>2023-10-28 10:10:40.304 UTC</dateModified>
</layer>