<dataStore>
  <id>DataStoreInfoImpl--7e916acf:18b75a46ccb:-7f4a</id>
  <name>US_bnd</name>
  <type>Directory of spatial files (shapefiles)</type>
  <enabled>true</enabled>
  <workspace>
    <id>WorkspaceInfoImpl--7e916acf:18b75a46ccb:-7f4c</id>
  </workspace>
  <connectionParameters>
    <entry key="charset">ISO-8859-1</entry>
    <entry key="filetype">shapefile</entry>
    <entry key="create spatial index">true</entry>
    <entry key="memory mapped buffer">false</entry>
    <entry key="timezone">Asia/Calcutta</entry>
    <entry key="enable spatial index">true</entry>
    <entry key="namespace">http::/usdata.com</entry>
    <entry key="cache and reuse memory maps">true</entry>
    <entry key="skipScan">true</entry>
    <entry key="url">file:data/USA_adm</entry>
    <entry key="fstype">shape</entry>
  </connectionParameters>
  <__default>false</__default>
  <dateCreated>2023-10-29 08:10:28.976 UTC</dateCreated>
  <disableOnConnFailure>false</disableOnConnFailure>
</dataStore>