<layer>
  <name>Sate-layer</name>
  <id>LayerInfoImpl--7e916acf:18b75a46ccb:-7ff9</id>
  <type>VECTOR</type>
  <defaultStyle>
    <id>StyleInfoImpl--7e916acf:18b75a46ccb:-7f8b</id>
  </defaultStyle>
  <resource class="featureType">
    <id>FeatureTypeInfoImpl--7e916acf:18b75a46ccb:-7ffa</id>
  </resource>
  <attribution>
    <logoWidth>0</logoWidth>
    <logoHeight>0</logoHeight>
  </attribution>
  <dateCreated>2023-10-28 09:39:53.248 UTC</dateCreated>
  <dateModified>2023-10-28 10:10:28.77 UTC</dateModified>
</layer>