<layerGroup>
  <id>LayerGroupInfoImpl--7e916acf:18b75a46ccb:-7f78</id>
  <name>Boundary-Layer-Grp</name>
  <mode>SINGLE</mode>
  <title>Boundary-Layer-Grp</title>
  <workspace>
    <id>WorkspaceInfoImpl--7e916acf:18b75a46ccb:-8000</id>
  </workspace>
  <internationalTitle/>
  <internationalAbstract/>
  <publishables>
    <published type="layer">
      <id>LayerInfoImpl--7e916acf:18b75a46ccb:-7ffc</id>
    </published>
    <published type="layer">
      <id>LayerInfoImpl--7e916acf:18b75a46ccb:-7ff9</id>
    </published>
    <published type="layer">
      <id>LayerInfoImpl--7e916acf:18b75a46ccb:-7ff6</id>
    </published>
  </publishables>
  <styles>
    <style>
      <id>StyleInfoImpl--7e916acf:18b75a46ccb:-7f8a</id>
    </style>
    <style>
      <id>StyleInfoImpl--7e916acf:18b75a46ccb:-7f8b</id>
    </style>
    <style>
      <id>StyleInfoImpl--7e916acf:18b75a46ccb:-7ff5</id>
    </style>
  </styles>
  <bounds>
    <minx>68.18624877929699</minx>
    <maxx>97.41516113281259</maxx>
    <miny>6.754255771636906</miny>
    <maxy>35.50133132934571</maxy>
    <crs>EPSG:4326</crs>
  </bounds>
  <dateCreated>2023-10-28 12:33:23.910 UTC</dateCreated>
</layerGroup>