<dataStore>
  <id>DataStoreInfoImpl--7e916acf:18b75a46ccb:-7ffb</id>
  <name>Sate</name>
  <type>Shapefile</type>
  <enabled>true</enabled>
  <workspace>
    <id>WorkspaceInfoImpl--7e916acf:18b75a46ccb:-8000</id>
  </workspace>
  <connectionParameters>
    <entry key="charset">ISO-8859-1</entry>
    <entry key="filetype">shapefile</entry>
    <entry key="create spatial index">true</entry>
    <entry key="memory mapped buffer">false</entry>
    <entry key="timezone">Asia/Calcutta</entry>
    <entry key="enable spatial index">true</entry>
    <entry key="namespace">http::/boundaries.com</entry>
    <entry key="cache and reuse memory maps">true</entry>
    <entry key="skipScan">true</entry>
    <entry key="url">file:data/IND_adm/IND_adm1.shp</entry>
    <entry key="fstype">shape</entry>
  </connectionParameters>
  <__default>false</__default>
  <dateCreated>2023-10-28 09:38:54.120 UTC</dateCreated>
  <disableOnConnFailure>false</disableOnConnFailure>
</dataStore>